,YEAR,STATE,AVG_SCORE,TEST_SUBJECT,TEST_YEAR,ENROLL,TOTAL_REVENUE,FEDERAL_REVENUE,TOTAL_EXPENDITURE,INSTRUCTION_EXPENDITURE,EXPENSE_PER_STUDENT
484,1996,District of Columbia,232.8315095,Mathematics,8,79802,678874,57870,703245,334893,4.196548958672715
485,2000,District of Columbia,234.4287981,Mathematics,8,70762,881423,184825,858807,318260,4.49761171250106
486,1992,District of Columbia,234.9246213,Mathematics,8,0,709480,64749,742893,329160,5.713752923891132
487,2003,District of Columbia,243.0596382,Mathematics,8,67522,1114061,152599,1105963,473414,7.011255590770416
488,2005,District of Columbia,245.2157808,Mathematics,8,62306,1109605,167922,1085658,459063,7.367877892979809
489,1992,Mississippi,246.4580354,Mathematics,8,0,1684706,277706,1691990,956104,5.713752923891132
490,2007,District of Columbia,248.1987424,Mathematics,8,56943,1148358,134700,1140506,491992,8.640078675166395
491,1992,Louisiana,249.9839259,Mathematics,8,0,3341253,367822,3362853,1888349,5.713752923891132
492,1996,Mississippi,250.2154891,Mathematics,8,503602,2241561,295014,2268726,1238512,2.459307151282163
493,1992,Alabama,252.1875224,Mathematics,8,0,2678885,304177,2653798,1481703,5.713752923891132
494,1996,Louisiana,252.3803947,Mathematics,8,796087,3879633,468363,3815375,2078321,2.6106706930272696
495,2009,District of Columbia,253.5951869,Mathematics,8,44331,801008,75856,805362,330698,7.459746001669261
496,2000,Mississippi,254.0339003,Mathematics,8,499362,2743284,368830,2996474,1524728,3.0533520772505716
497,1992,Arkansas,256.3120904,Mathematics,8,0,1711959,178571,1743022,964323,5.713752923891132
498,1996,Alabama,256.5948632,Mathematics,8,735912,3365113,334858,3572283,1987018,2.7000755525117133
499,1992,Hawaii,257.4108874,Mathematics,8,0,996809,71273,1040121,536115,5.713752923891132
500,1992,North Carolina,258.4053748,Mathematics,8,0,5236099,389145,5418687,2847638,5.713752923891132
501,1992,Tennessee,258.8280481,Mathematics,8,0,3080490,308571,3132516,1830264,5.713752923891132
502,2000,Louisiana,258.9820018,Mathematics,8,750755,4785331,556240,4807097,2601684,3.465423473703139
503,1992,West Virginia,259.0864484,Mathematics,8,0,1585099,130117,1587968,835186,5.713752923891132
504,1992,Georgia,259.3594336,Mathematics,8,0,5536901,398701,5535942,3043984,5.713752923891132
505,1992,New Mexico,259.6067177,Mathematics,8,0,1330091,161520,1339829,683253,5.713752923891132
506,2000,New Mexico,259.844673,Mathematics,8,324489,2191695,296222,2165031,1048533,3.2313360391261337
507,1992,Florida,259.9088482,Mathematics,8,0,11506299,788420,11305642,5166374,5.713752923891132
508,2011,District of Columbia,260.4668778,Mathematics,8,44199,1283071,155505,1297175,525185,11.88228240457929
509,1992,South Carolina,260.772544,Mathematics,8,0,2842626,249903,2922293,1544232,5.713752923891132
510,1996,South Carolina,260.7754476,Mathematics,8,635678,3594408,287181,3493720,1820849,2.86442035118409
511,1992,California,260.8922468,Mathematics,8,0,26260025,2072470,27138832,14358922,5.713752923891132
512,2003,Mississippi,260.9119336,Mathematics,8,491623,3260771,482904,3205193,1702193,3.462394965247761
513,2000,Arkansas,261.3637127,Mathematics,8,450751,2844855,254735,2683400,1531232,3.397068447990132
514,1996,Arkansas,261.6527453,Mathematics,8,452907,2183384,192152,2297381,1264275,2.791467122389365
515,2003,Alabama,261.9390222,Mathematics,8,727900,5196054,567704,5298932,2817111,3.8701895864816596
516,1996,New Mexico,261.9703667,Mathematics,8,329661,1750519,215525,1642517,798365,2.421775702919059
517,1996,Hawaii,262.1300817,Mathematics,8,187104,1199019,91391,1231550,671105,3.5868019924747734
518,2000,Alabama,262.1582055,Mathematics,8,730184,4885917,425978,5003267,2551713,3.494616425448928
519,2000,California,262.1710266,Mathematics,8,5941946,46628207,4024940,45829753,23514388,3.9573547117392183
520,2005,Alabama,262.2111,Mathematics,8,729342,5889966,665924,5904664,3053380,4.186485900990208
521,1992,Kentucky,262.2412816,Mathematics,8,0,2642902,289902,2518082,1343438,5.713752923891132
522,2005,Mississippi,262.4562427,Mathematics,8,494382,3639643,552628,3610904,1935459,3.914905882495722
523,1996,Georgia,262.4660209,Mathematics,8,1311126,7764687,516518,7934236,4118122,3.1409048405721496
524,1996,California,262.7724784,Mathematics,8,5460484,31282981,2603882,31561692,16880730,3.0914347519377405
525,2000,Hawaii,262.7725605,Mathematics,8,185860,1404895,127042,1363511,765134,4.11672226406973
526,1992,Delaware,262.8685854,Mathematics,8,0,645233,45945,638784,372722,5.713752923891132
527,2015,District of Columbia,263.0597763,Mathematics,8,46155,1382282,146366,1360942,557345,12.075506445672191
528,1996,Tennessee,263.118935,Mathematics,8,881749,4123018,340239,4284181,2363545,2.680519059278774
529,2003,New Mexico,263.2729067,Mathematics,8,320264,2626262,383513,2658140,1239571,3.87046624035171
530,2005,New Mexico,263.275163,Mathematics,8,326102,2982991,480888,3011696,1395996,4.280856909801228
531,2000,Tennessee,263.4365997,Mathematics,8,907222,5338531,462000,5805181,3166208,3.490003549296644
532,1996,Florida,263.6393936,Mathematics,8,2175352,13684457,942159,13936240,6380643,2.9331542665279
533,1992,Texas,264.5928284,Mathematics,8,0,16264180,1160185,16119084,7961379,5.713752923891132
534,1992,Maryland,264.8254931,Mathematics,8,0,4658498,228336,4698374,2628891,5.713752923891132
535,1996,West Virginia,264.8652054,Mathematics,8,306451,1958647,158572,1936848,1131846,3.6933995973255103
536,2007,Mississippi,264.8909187,Mathematics,8,494135,4220926,712846,4158733,2160396,4.372076456838718
537,2009,Mississippi,265.0019582,Mathematics,8,491194,4392101,675576,4552756,2317710,4.718522620390314
538,2013,District of Columbia,265.2593657,Mathematics,8,44179,1300036,129874,1308438,559940,12.674347540686751
539,1992,Arizona,265.3662778,Mathematics,8,0,3258079,297888,3401580,1435908,5.713752923891132
540,2005,Hawaii,265.6293191,Mathematics,8,183185,2274166,236973,1765805,1007207,5.498304992220978
541,2003,Hawaii,265.728581,Mathematics,8,183829,2078877,170377,1602392,888473,4.833149285477265
542,2003,Arkansas,265.7715893,Mathematics,8,450158,3241275,379947,3242799,1768713,3.929093784848875
543,1992,Rhode Island,265.9071091,Mathematics,8,0,883073,43545,863404,556787,5.713752923891132
544,2007,Alabama,266.0001099,Mathematics,8,743273,7069040,689072,7196459,3653466,4.915375642597
545,2003,Louisiana,266.3283593,Mathematics,8,723252,5478321,739078,5515322,3009591,4.161192779280251
546,2000,Georgia,266.3320473,Mathematics,8,1422941,11197766,710741,10884510,5701293,4.006696693678796
547,2000,South Carolina,266.3536995,Mathematics,8,666780,4690418,366587,4961392,2426139,3.6385899397102492
548,1992,New York,266.4223001,Mathematics,8,0,21630179,1172030,22815611,13288972,5.713752923891132
549,2015,Alabama,266.5553185,Mathematics,8,734974,7360222,795238,7501799,3817479,5.194032714082403
550,1996,Kentucky,266.591684,Mathematics,8,639531,3622788,305059,3826435,1970377,3.0809718371744292
551,1996,Delaware,266.7336733,Mathematics,8,108461,860410,48796,823530,447461,4.125547431795761
552,2003,California,267.0495006,Mathematics,8,6226552,59815855,5795655,59749885,29561563,4.7476617877759635
553,1992,Michigan,267.3531943,Mathematics,8,0,9963137,537917,10170688,4681327,5.713752923891132
554,2007,New Mexico,267.5380787,Mathematics,8,327816,3272953,444466,3279467,1610295,4.91219159528516
555,2005,Louisiana,267.7550308,Mathematics,8,717625,5975074,844640,5941561,3264689,4.5492966382163385
556,1996,North Carolina,267.8345603,Mathematics,8,1181600,6516400,443121,6517111,3527936,2.985727826675694
557,1992,Virginia,267.8637263,Mathematics,8,0,5631293,313971,5744469,2982862,5.713752923891132
558,1996,Arizona,267.8748343,Mathematics,8,764681,4143304,378917,4391555,1860007,2.432395992577297
559,2003,Nevada,268.0431377,Mathematics,8,369498,2778564,191839,3009028,1406660,3.806948887409404
560,1992,Ohio,268.1241978,Mathematics,8,0,9285961,472604,9483822,5172782,5.713752923891132
561,1992,Oklahoma,268.1319896,Mathematics,8,0,2396705,211627,2515272,1283577,5.713752923891132
562,2003,Tennessee,268.1757286,Mathematics,8,905050,5994756,608447,6482671,3621601,4.001547980774543
563,2000,Nevada,268.1815991,Mathematics,8,325610,2252416,110210,2437438,1114489,3.422772642117871
564,2015,Louisiana,268.4323551,Mathematics,8,661015,8448743,1235580,8437263,4100906,6.203953011656316
565,2009,Alabama,268.5241203,Mathematics,8,745668,7186390,728795,7815467,3836398,5.144914358669006
566,2005,California,268.5581286,Mathematics,8,6307022,62171797,7148863,66196072,31070450,4.926326561093334
567,2007,Hawaii,268.7720134,Mathematics,8,180728,2985593,256696,2199604,1177781,6.516870656456111
568,1996,Rhode Island,268.8773081,Mathematics,8,148977,1135192,57826,1092459,699778,4.697221718788806
569,2011,Alabama,269.0965158,Mathematics,8,746933,7376725,1077070,7411768,3844055,5.146452225299994
570,2005,West Virginia,269.0994928,Mathematics,8,279456,2701056,329159,2698703,1524187,5.454121579067904
571,2013,Alabama,269.1942806,Mathematics,8,744548,7197439,811739,7487741,3747993,5.033917222261023
572,2011,Mississippi,269.2356456,Mathematics,8,490526,4516742,1006465,4345783,2238165,4.562785662737551
573,2003,Georgia,269.6770092,Mathematics,8,1495819,13524807,1051973,13516783,7352918,4.9156468797361175
574,1996,Maryland,269.6814314,Mathematics,8,805544,5688918,271806,5825606,3197895,3.969857636578511
575,2009,New Mexico,269.7042538,Mathematics,8,328737,3703477,519973,3945515,1807514,5.498358870464839
576,1996,Virginia,269.7544047,Mathematics,8,1079854,6674519,361726,6903384,3601237,3.3349295367707117
577,2005,Nevada,269.9055855,Mathematics,8,399727,3381646,251421,3483540,1665706,4.167109051927941
578,2007,West Virginia,270.0840936,Mathematics,8,281298,2905489,353571,2983267,1608247,5.717235813976637
579,1992,Indiana,270.0989439,Mathematics,8,0,5060274,257044,5182754,2598925,5.713752923891132
580,1996,Texas,270.1995776,Mathematics,8,3740260,22241369,1613462,22401797,11427564,3.055285996160695
581,1996,New York,270.231486,Mathematics,8,2788343,26026366,1510447,26974514,15973623,5.72871522621141
582,2007,California,270.381784,Mathematics,8,6288686,72516936,7200298,73225422,34685013,5.515462689662037
583,2009,West Virginia,270.4157659,Mathematics,8,281908,3097212,355325,3121728,1759397,6.241032535437093
584,2009,California,270.4485881,Mathematics,8,6234155,73958896,9745250,74766086,35617964,5.713358747095637
585,2005,Tennessee,270.5245768,Mathematics,8,940769,6806262,787269,7067521,4120045,4.379443837966599
586,2015,Mississippi,270.5804793,Mathematics,8,490189,4592343,672366,4624539,2350872,4.795848132047027
587,2000,Arizona,270.7154059,Mathematics,8,814807,5479168,534619,5397194,2488932,3.05462766029256
588,2003,West Virginia,270.7703534,Mathematics,8,281591,2497707,267470,2524444,1420396,5.044181099537982
589,2000,West Virginia,270.7800763,Mathematics,8,290982,2243151,210082,2243563,1271988,4.3713631771037385
590,2007,Nevada,270.8040244,Mathematics,8,422782,4006081,277849,4346371,2047045,4.8418452062765205
591,2015,New Mexico,270.8975344,Mathematics,8,326297,3789651,499789,3846641,1773801,5.43615479149364
592,1992,Missouri,271.1315447,Mathematics,8,0,4043682,255194,4197600,2168135,5.713752923891132
593,2013,Mississippi,271.1609673,Mathematics,8,492847,4444064,707522,4370050,2274357,4.614732361158737
594,2003,Arizona,271.1773505,Mathematics,8,875111,6529894,740579,6210287,2810907,3.2120576703983836
595,2005,Oklahoma,271.3599024,Mathematics,8,629145,4892548,678448,4785987,2303527,3.661361053493233
596,2003,Florida,271.3714902,Mathematics,8,2536699,19549835,1956803,20180142,9622598,3.7933542765617836
597,1992,Pennsylvania,271.3784388,Mathematics,8,0,11257252,658139,11539253,6075381,5.713752923891132
598,2015,West Virginia,271.4507088,Mathematics,8,279565,3478401,362959,3466981,1819903,6.509766959383327
599,2000,Kentucky,271.5615114,Mathematics,8,646467,4330089,426956,4510972,2345581,3.6283074000683717
600,2005,Arkansas,271.6363484,Mathematics,8,461667,3978240,447012,3999608,2118580,4.588978636116508
601,2000,Oklahoma,271.6457939,Mathematics,8,627032,3906833,377776,3876871,1928222,3.0751572487528547
602,2003,Oklahoma,271.9051513,Mathematics,8,624202,4426835,563974,4376502,2158574,3.458133745165828
603,1992,New Jersey,271.9055612,Mathematics,8,0,10814689,416063,10452340,6042936,5.713752923891132
604,2003,Rhode Island,271.9986944,Mathematics,8,157286,1728055,109011,1646238,971700,6.177917932937452
605,2005,Georgia,272.1915644,Mathematics,8,1552758,14724731,1375318,14492666,7886069,5.078749554019364
606,2005,Rhode Island,272.3450181,Mathematics,8,153596,1903472,145957,1790591,1023496,6.663558946847574
607,2009,Louisiana,272.3799067,Mathematics,8,662774,7984550,1238259,8053960,4051985,6.113675249783486
608,2007,Louisiana,272.3862996,Mathematics,8,662302,7048732,1234006,6657341,3430268,5.179310948781674
609,1992,Colorado,272.3984329,Mathematics,8,0,3185173,163253,3264826,1642466,5.713752923891132
610,2013,Louisiana,272.7609665,Mathematics,8,671156,8121179,1229248,7940880,3963343,5.905248556222398
611,2013,New Mexico,272.7618089,Mathematics,8,327209,3518621,519318,3536546,1709797,5.225397223181514
612,2011,California,272.7698031,Mathematics,8,6202604,70953331,9990221,69847705,34225248,5.517883779135344
613,1992,Massachusetts,272.7832013,Mathematics,8,0,5517659,273946,5245560,2751871,5.713752923891132
614,2011,Louisiana,272.8433339,Mathematics,8,665109,8022917,1497262,8218870,4162557,6.258458388023617
615,2011,West Virginia,273.2631731,Mathematics,8,282130,3475642,510256,3670119,2010407,7.125817885371991
616,1996,Missouri,273.2848872,Mathematics,8,873867,5251014,324566,5277785,2745318,3.1415741754752156
617,2000,Rhode Island,273.4257851,Mathematics,8,155351,1464820,81655,1388454,845667,5.443589033865247
618,2000,Missouri,273.5757804,Mathematics,8,913517,6675260,437898,6708608,3459281,3.7867724410164234
619,1992,Connecticut,273.7393446,Mathematics,8,0,3834302,143542,3721338,2148041,5.713752923891132
620,2009,Hawaii,273.7586067,Mathematics,8,179478,2689758,392837,2318671,1402305,7.813241734362986
621,2007,Arkansas,273.8998622,Mathematics,8,474532,4415981,483689,4779308,2337748,4.926428565407601
622,2007,Tennessee,273.9787866,Mathematics,8,978084,7617488,805633,7817659,4473035,4.573262623660136
623,2005,Kentucky,273.9830272,Mathematics,8,674502,5444309,646215,5750671,2864633,4.247034108127181
624,2011,Tennessee,274.0387103,Mathematics,8,986382,8679893,1272825,8961443,4947165,5.015465610686326
625,2005,Florida,274.0483769,Mathematics,8,2645280,23216404,2328513,23857012,11270907,4.2607614316820905
626,2009,Nevada,274.1485417,Mathematics,8,430985,4442101,425133,4577881,2145779,4.97877884381127
627,2003,Kentucky,274.2784722,Mathematics,8,660782,4872025,503734,4700494,2688476,4.068627777391031
628,2005,Arizona,274.30509,Mathematics,8,919875,7550109,897553,7136794,3423716,3.7219361326267157
629,1992,Utah,274.3431771,Mathematics,8,0,1555799,105349,1547980,841552,5.713752923891132
630,2013,West Virginia,274.4301347,Mathematics,8,282310,3486366,383169,3488877,1828234,6.475980305338103
631,2011,New Mexico,274.4547015,Mathematics,8,331373,3591330,636436,3694437,1744548,5.264605142845072
632,2007,Oklahoma,274.5349894,Mathematics,8,639032,5491931,650579,5505213,2688963,4.207869089497866
633,2015,Oklahoma,274.5859821,Mathematics,8,671715,6121188,688990,6184819,3000894,4.467510774658895
634,2009,Tennessee,274.7618211,Mathematics,8,971484,8112895,870374,8611178,4809809,4.950991472839491
635,2007,Georgia,274.7786646,Mathematics,8,1628409,17755989,1475463,17389530,9507096,5.838272817209927
636,1996,Wyoming,274.778947,Mathematics,8,99859,664057,41007,676305,360100,3.606084579256752
637,2000,Texas,274.8460159,Mathematics,8,3965971,28918934,2406972,31067935,15018072,3.786732681605589
638,2015,Arkansas,275.0647564,Mathematics,8,479682,5308625,581412,5350543,2620399,5.46278367751969
639,1992,Wyoming,275.0800761,Mathematics,8,0,629748,31714,624941,339953,5.713752923891132
640,1992,Idaho,275.0902941,Mathematics,8,0,859329,69138,886161,473505,5.713752923891132
641,2015,Nevada,275.1718688,Mathematics,8,438948,4345419,395630,4183085,2170424,4.944603916637051
642,2015,Florida,275.323818,Mathematics,8,2743641,26971491,3118041,27277049,14931173,5.4421015723267
643,2015,California,275.324573,Mathematics,8,6226523,78248042,7556365,78365958,38951948,6.25581050612035
644,2007,Rhode Island,275.3869905,Mathematics,8,147861,2100679,165167,2082332,1177636,7.964480153657827
645,2000,Utah,275.4367099,Mathematics,8,477835,2546642,189502,2478420,1355794,2.8373685477204473
646,2013,Oklahoma,275.506732,Mathematics,8,671445,5878111,715944,5796945,2800189,4.170392213807535
647,1996,Indiana,275.5290368,Mathematics,8,975455,6422662,306715,6644035,3293900,3.3767831422259356
648,2007,Arizona,275.5484264,Mathematics,8,969875,8724434,953861,8709531,3977800,4.101353267173605
649,1996,Colorado,275.6082142,Mathematics,8,655679,3891203,194998,4075165,2052264,3.1299828117112183
650,2009,Oklahoma,275.7119568,Mathematics,8,644549,6029807,768972,5941799,2836912,4.401390739881685
651,2015,South Carolina,275.8278662,Mathematics,8,737401,8759944,836137,8783362,4123140,5.591448886019954
652,2013,California,275.9013507,Mathematics,8,6208733,68868516,7836263,69727119,34194878,5.50754525923405
653,2009,Arkansas,275.9995,Mathematics,8,474423,4753142,534510,5017352,2417974,5.096662682880046
654,2000,Maryland,276.0143601,Mathematics,8,846582,7419047,409021,7355698,3874590,4.576745076082411
655,1996,Washington,276.1171196,Mathematics,8,956572,6354593,366716,6578388,3222598,3.3689027067486816
656,2000,New York,276.2628588,Mathematics,8,2861478,31906526,1938590,33683043,19856637,6.939293959275592
657,1996,Oregon,276.3415132,Mathematics,8,527769,3375710,192228,3509765,1879638,3.5614786014335817
658,2003,Michigan,276.4418616,Mathematics,8,1764327,18488359,1357006,19680370,8725075,4.945270916332404
659,2005,Missouri,276.4499393,Mathematics,8,902659,8340865,694008,8170965,4224716,4.680301199013138
660,2000,Virginia,276.6749915,Mathematics,8,1132673,8911426,491873,9154676,4823780,4.258757823308228
661,2000,Wyoming,276.6899803,Mathematics,8,91883,787323,66085,769923,417424,4.542994895682553
662,1996,Utah,276.7731058,Mathematics,8,474907,2035726,134703,2150719,1132806,2.385321757733619
663,2007,Michigan,276.8305171,Mathematics,8,1686473,20576110,1541818,19839838,9608836,5.69759254965837
664,1996,Michigan,276.8660782,Mathematics,8,1631131,13012080,648922,13071893,6452165,3.9556387561759294
665,2000,Illinois,276.909459,Mathematics,8,2003839,17595047,1283052,18073190,8738312,4.360785472285947
666,2003,Texas,277.052649,Mathematics,8,4201914,35143236,3360082,37333674,18009879,4.286113185562579
667,2003,Delaware,277.1583689,Mathematics,8,111282,1242436,91986,1317447,673997,6.056657860210995
668,2003,Illinois,277.160081,Mathematics,8,2062664,19627346,1618724,21278177,10409933,5.0468389422610755
669,2003,South Carolina,277.3004496,Mathematics,8,691736,5709707,535356,6024747,2888468,4.175679739091214
670,2009,Arizona,277.332282,Mathematics,8,981303,8802515,1044140,9580393,4296503,4.378365295938155
671,2005,Michigan,277.346682,Mathematics,8,1721351,19106382,1513264,20489512,9269314,5.38490639038755
672,2007,Florida,277.3834973,Mathematics,8,2656176,28898362,2489027,29849892,13476109,5.0735000240947885
673,2009,Georgia,277.5611997,Mathematics,8,1649598,17972839,1644548,19025136,10063924,6.100834263863074
674,1996,Massachusetts,277.565642,Mathematics,8,912330,7129757,302167,7479576,4171772,4.572656823737025
675,1996,Alaska,277.6430714,Mathematics,8,126189,1120346,123505,1240031,636959,5.047658670724073
676,1992,Nebraska,277.6545234,Mathematics,8,0,1542413,85423,1534046,909159,5.713752923891132
677,2005,Illinois,277.6722389,Mathematics,8,2072437,21611180,1835598,22035569,11063949,5.33861777221696
678,2003,Maryland,277.7161125,Mathematics,8,866743,8700979,571108,8732518,4738579,5.467109627652026
679,2013,Tennessee,277.7201273,Mathematics,8,992461,9008032,1165801,9248235,5191269,5.230703271967362
680,2011,Hawaii,277.8362111,Mathematics,8,179601,2499513,347363,2259104,1253534,6.9795491116419175
681,2011,Florida,277.8370352,Mathematics,8,2636404,26453693,4710376,26991946,14284224,5.418070978499502
682,1992,Wisconsin,277.8791346,Mathematics,8,0,4993909,217723,5181471,2914442,5.713752923891132
683,2013,Arkansas,277.9148025,Mathematics,8,477716,5067546,572096,5226339,2545564,5.3286136533002875
684,2000,Idaho,277.9179135,Mathematics,8,245226,1452222,109898,1467977,798629,3.256706058900769
685,2009,Rhode Island,277.9237194,Mathematics,8,141521,2179714,206225,2171376,1224158,8.650009539220328
686,2005,Maryland,277.9307946,Mathematics,8,865561,9906219,670998,9782665,5154440,5.9550280107352345
687,2015,Kentucky,277.9472601,Mathematics,8,688475,7548871,848963,7554887,3807748,5.530699008678601
688,2011,Nevada,278.1131537,Mathematics,8,429610,4146577,447002,4258855,2161550,5.031423849537953
689,2015,Michigan,278.1686519,Mathematics,8,1345009,19025996,1582706,17742903,9040821,6.7217550217136095
690,2015,Tennessee,278.2033807,Mathematics,8,994530,9455920,1122775,9562527,5343272,5.372660452676138
691,1992,New Hampshire,278.2163256,Mathematics,8,0,1063391,31020,1066647,581123,5.713752923891132
692,2009,Michigan,278.2681682,Mathematics,8,1537515,19616665,2094714,19992550,9422685,6.12851581935786
693,2013,Nevada,278.2866809,Mathematics,8,431776,4131800,392009,4057443,2058538,4.767606351441488
694,2000,Michigan,278.4526667,Mathematics,8,1700074,15939477,1030238,16580526,7709336,4.534706136321125
695,2011,Georgia,278.4836192,Mathematics,8,1666039,18030043,2267161,17187481,9671343,5.804991959972125
696,2003,Pennsylvania,278.5377581,Mathematics,8,1757066,19811545,1419644,20626459,10151195,5.777355546120635
697,1992,Maine,278.6353841,Mathematics,8,0,1206819,73160,1228869,685350,5.713752923891132
698,2007,Kentucky,278.7047499,Mathematics,8,646360,6226696,677570,6351636,3184235,4.926410978402129
699,2015,Georgia,278.7117968,Mathematics,8,1717805,18584666,1831221,18501103,10081483,5.868816891323521
700,2003,Missouri,278.7662503,Mathematics,8,921625,7622601,559732,7905481,4087984,4.435626203716262
701,2005,Alaska,278.9587094,Mathematics,8,132568,1599739,302846,1751718,829666,6.258418321163479
702,2003,Alaska,279.0250699,Mathematics,8,133303,1425948,259423,1610289,763525,5.727740560977622
703,2011,Arizona,279.0335017,Mathematics,8,946571,8429186,1245814,8610417,3977772,4.202296499681482
704,2011,Arkansas,279.088205,Mathematics,8,475551,5176362,827026,5669431,2559292,5.38174033910138
705,2005,Utah,279.1561234,Mathematics,8,488055,3181279,326400,3188018,1632553,3.3450184917683456
706,2013,Georgia,279.1791109,Mathematics,8,1682620,17459504,1805878,17317504,9555687,5.679052311276462
707,2011,Oklahoma,279.1796082,Mathematics,8,658163,5835133,968529,5644988,2866601,4.355457538634046
708,1996,Vermont,279.253243,Mathematics,8,101064,965238,36693,975817,424562,4.200922187920526
709,2009,Kentucky,279.2842161,Mathematics,8,669858,6706922,719997,6831006,3468191,5.17750179888872
710,2009,Florida,279.3352641,Mathematics,8,2623067,26494500,2694566,28867429,13884278,5.293146534190702
711,2015,Hawaii,279.340145,Mathematics,8,182384,2703683,259390,2521004,1377713,7.553913720501798
712,1996,Connecticut,279.5912449,Mathematics,8,499815,4686025,162218,4538234,2701637,5.405273951362004
713,2005,New York,279.7162537,Mathematics,8,2816426,43936450,3156023,45086872,27866708,9.894351209653653
714,2013,Arizona,279.722268,Mathematics,8,941726,8164324,1178356,7600581,3824071,4.060704493663762
715,2003,New York,279.749257,Mathematics,8,2879228,38033080,2591430,41603390,24786376,8.60868816224349
716,2015,Delaware,279.8102438,Mathematics,8,121845,2017075,137544,1975093,1072395,8.801304936599779
717,2013,South Carolina,279.8246086,Mathematics,8,722249,8254462,814137,8224795,3933177,5.445735473500136
718,2003,Idaho,279.9392668,Mathematics,8,248515,1685984,162530,1726941,924434,3.7198318008973303
719,2015,New York,280.0892201,Mathematics,8,2631532,63712218,2869847,65094591,41954260,15.94290322139347
720,2000,North Carolina,280.1279472,Mathematics,8,1261586,9064700,622184,9275837,4854623,3.8480317631933136
721,2013,Michigan,280.1335971,Mathematics,8,1381167,18270327,1636324,17468264,8885537,6.433354547277773
722,2007,New York,280.1411772,Mathematics,8,2754976,50762544,3269310,51253984,31465706,11.421408389764556
723,2011,Michigan,280.176518,Mathematics,8,1455966,19374026,2525528,18469948,9198775,6.317987507950049
724,2009,South Carolina,280.3808554,Mathematics,8,714290,7669733,734602,8427391,3854229,5.395888224670652
725,2011,New York,280.4530261,Mathematics,8,2677412,57753776,5118477,59446908,37834196,14.130883106522269
726,2015,Alaska,280.4934562,Mathematics,8,130755,2920986,344111,2968341,1484610,11.354135597109098
727,2007,Illinois,280.497096,Mathematics,8,2101075,23897153,1862627,23401917,11692204,5.564867508299323
728,2000,Nebraska,280.6180687,Mathematics,8,287566,2263952,152143,2165529,1188826,4.134097911435983
729,2007,Missouri,280.6195383,Mathematics,8,910142,8908844,730811,9245525,4743390,5.211703228726946
730,2000,Oregon,280.6402228,Mathematics,8,542739,4369400,268568,4398318,2288931,4.217369674926622
731,2003,Utah,280.6453697,Mathematics,8,483066,2875622,263030,2957874,1508566,3.122898320312338
732,2013,Kentucky,280.6454425,Mathematics,8,685009,7216175,867735,7413896,3663594,5.348242139884293
733,2005,Pennsylvania,280.7138351,Mathematics,8,1755560,22657782,1750988,23183924,11284717,6.427987081045364
734,2015,Missouri,280.8214257,Mathematics,8,892779,10623391,948600,10540353,5387766,6.03482608797922
735,2005,Colorado,280.8240073,Mathematics,8,765388,6910296,472246,7284280,3380399,4.416582177928057
736,2013,Florida,280.8558396,Mathematics,8,2680074,24681548,3027018,25245400,13833236,5.16151270449995
737,2003,Oregon,280.8924709,Mathematics,8,552135,4592019,407432,4978764,2458415,4.452561420667047
738,2005,Delaware,280.9535428,Mathematics,8,112562,1431710,106513,1480157,761786,6.767701355697304
739,2005,Idaho,280.9668966,Mathematics,8,253782,1796035,192039,1819519,989703,3.899815589758139
740,2011,South Carolina,281.0001337,Mathematics,8,713511,7772777,1041572,7961448,3689782,5.171303595880092
741,2005,Maine,281.0585409,Mathematics,8,198745,2324789,197651,2325138,1355800,6.821806837907872
742,2005,Connecticut,281.068953,Mathematics,8,552512,7898694,401558,7452057,4177845,7.561546174562724
743,2007,Utah,281.0874737,Mathematics,8,504079,3656090,343915,3618540,1816456,3.6035145284766874
744,2005,Texas,281.102845,Mathematics,8,4334611,37783715,4095588,40302144,18950703,4.371950101174015
745,2003,Washington,281.1513644,Mathematics,8,1014577,8565636,702469,8802387,4332487,4.270239715664755
746,2003,Indiana,281.2209398,Mathematics,8,999713,8246076,582940,9777720,4785880,4.78725394188132
747,2005,South Carolina,281.2343211,Mathematics,8,701176,6337711,639308,6572191,3134658,4.470572295686105
748,2003,North Carolina,281.2403506,Mathematics,8,1314632,9907235,888996,9989670,5517870,4.197273457515107
749,2015,North Carolina,281.3310911,Mathematics,8,1465031,13146934,1589570,14060699,7960222,5.433483660072722
750,2003,New Jersey,281.4071199,Mathematics,8,1350330,19785039,797717,19812932,10169992,7.531486377404042
751,2013,Hawaii,281.4129223,Mathematics,8,184760,2331770,310778,2345917,1283872,6.94886339034423
752,2015,Rhode Island,281.4452196,Mathematics,8,134574,2367068,184718,2326473,1322055,9.82400017834054
753,2007,South Carolina,281.5036015,Mathematics,8,701580,7130274,680718,7660995,3481608,4.962524587359959
754,2013,Alaska,281.5595728,Mathematics,8,131091,2545117,320938,2665933,1324649,10.104805059081096
755,2003,Ohio,281.6072954,Mathematics,8,1803966,18018740,1097349,18760200,8958790,4.966163442104785
756,2011,Kentucky,281.6088097,Mathematics,8,672958,7104589,1164688,7253850,3663998,5.44461615732334
757,2003,Virginia,281.6766434,Mathematics,8,1175458,10504167,698716,10746679,5661291,4.816242690083355
758,2005,Indiana,281.7149455,Mathematics,8,1014528,11653165,708922,11071431,5343758,5.26723560118597
759,2013,New York,281.8077878,Mathematics,8,2629805,59623918,3335657,60505950,38756656,14.737463804350513
760,2005,North Carolina,281.8251366,Mathematics,8,1347177,11098165,1116670,10917913,6160224,4.572690893624223
761,2000,Connecticut,281.9024856,Mathematics,8,530363,5884078,234321,5605280,3189123,6.013094804878922
762,2003,Maine,281.9037733,Mathematics,8,203848,2162605,163516,2154117,1255095,6.157014049684078
763,2011,Missouri,281.9476462,Mathematics,8,896702,9915356,1344755,9842505,5100879,5.688488483353444
764,2015,Illinois,281.9685673,Mathematics,8,2047123,32096832,2262192,32410033,17313173,8.457319369671485
765,2005,Wyoming,282.1006096,Mathematics,8,84146,1132160,106484,1033603,510498,6.066812445036009
766,2003,Nebraska,282.193756,Mathematics,8,283934,2600831,225861,2623966,1414919,4.983267238160981
767,2005,Oregon,282.2373254,Mathematics,8,550502,5022050,498217,5597579,2671228,4.852349310265903
768,2013,Delaware,282.3382986,Mathematics,8,118685,1930466,151096,1924626,1030897,8.685992332645238
769,1992,Minnesota,282.3922046,Mathematics,8,0,4684684,194092,4981125,2534882,5.713752923891132
770,2009,Illinois,282.431417,Mathematics,8,2117291,26987426,3346509,27716187,13520105,6.3855676900341045
771,2007,Connecticut,282.4727901,Mathematics,8,549230,8913149,386553,8685421,4610572,8.394610636709576
772,2011,Oregon,282.5182068,Mathematics,8,559631,6112484,848637,6317635,3261190,5.827393407441689
773,2007,Alaska,282.5571541,Mathematics,8,132197,1800616,282270,1938755,927307,7.014584294651165
774,2009,New York,282.5769154,Mathematics,8,2696688,55885116,3197833,57851481,35195372,13.051332597616039
775,2000,Ohio,282.6727535,Mathematics,8,1822566,15327834,843432,14909952,7497388,4.1136441698133295
776,1996,Nebraska,282.7696069,Mathematics,8,289251,1909834,100886,1940808,1067391,3.6901894894053955
777,2011,Delaware,282.7699664,Mathematics,8,119878,1759170,192182,1808905,964284,8.043877942574952
778,2015,Oregon,282.8148994,Mathematics,8,570376,7111710,577106,7011609,3650855,6.400786498730662
779,1996,Wisconsin,282.8487417,Mathematics,8,869930,6342623,270455,6521058,3567663,4.101092041888428
780,2011,Rhode Island,282.8756596,Mathematics,8,139157,2212352,234111,2198940,1260021,9.054672061053342
781,2015,Arizona,282.9194894,Mathematics,8,944978,8230507,1093834,7902600,3846357,4.070313806247341
782,2013,Missouri,282.9884579,Mathematics,8,897224,10103589,894168,10001763,5139610,5.728346544452667
783,2007,Delaware,282.9920827,Mathematics,8,114678,1694929,102114,1705204,825084,7.194788887144875
784,1996,Montana,283.00387,Mathematics,8,165390,944623,90354,924259,538091,3.2534675615212527
785,2009,Alaska,283.0476628,Mathematics,8,130236,2158970,312667,2396412,1129756,8.674682883380939
786,2000,Indiana,283.0512293,Mathematics,8,987214,8489991,426266,8518477,4143020,4.196678734296718
787,2000,North Dakota,283.0738441,Mathematics,8,112349,812982,96940,802768,402602,3.583494290113842
788,2000,Massachusetts,283.1232456,Mathematics,8,958907,9464271,480898,9466363,5624037,5.865049478208001
789,2015,Maryland,283.1490341,Mathematics,8,874108,14491642,819162,13882823,7686024,8.792991255085184
790,2011,Nebraska,283.1970448,Mathematics,8,297659,3879388,571969,3676326,2101943,7.061580533429193
791,1992,North Dakota,283.2130747,Mathematics,8,0,559481,51476,553732,315009,5.713752923891132
792,2011,Illinois,283.2281347,Mathematics,8,2072114,29507584,2894897,28525858,14636402,7.063511949632115
793,2005,Ohio,283.2517747,Mathematics,8,1778784,19746239,1413888,19785561,9700668,5.453539046899455
794,2011,Alaska,283.2727979,Mathematics,8,131704,2357828,420152,2443898,1215062,9.22570309178157
795,2011,Utah,283.3083321,Mathematics,8,545395,4141253,500782,4195916,2157337,3.9555496475031857
796,1992,Iowa,283.360009,Mathematics,8,0,2663934,125665,2795774,1446478,5.713752923891132
797,2003,Colorado,283.3998585,Mathematics,8,751049,6297242,400219,6685029,3168745,4.219092229668104
798,2000,Vermont,283.4083814,Mathematics,8,99609,1211370,65052,1193813,555740,5.5792147295927075
799,2003,Wyoming,283.5033499,Mathematics,8,85966,962240,84308,915515,473447,5.507375008724379
800,2007,Idaho,283.5075958,Mathematics,8,262935,2011951,202977,1960472,1069134,4.0661532317873235
801,2013,Oregon,283.5245891,Mathematics,8,564006,6077498,471682,6228197,3261733,5.783153016102665
802,2000,Maine,283.6417036,Mathematics,8,209012,1792390,104497,1842276,1053067,5.038308805236063
803,2007,Nebraska,283.6505986,Mathematics,8,287135,3234014,298196,3117931,1673992,5.829982412454072
804,2015,Pennsylvania,283.6684154,Mathematics,8,1589429,29967185,1857885,29690645,16058338,10.10321190817583
805,2000,Kansas,283.6796191,Mathematics,8,469377,3518271,221530,3327090,1661540,3.5398837182051954
806,2003,Connecticut,283.7298112,Mathematics,8,548466,6959891,351001,6751815,3721466,6.7852264315381445
807,2015,Idaho,283.7423253,Mathematics,8,274131,2167967,232449,2029520,1130814,4.1250861814242095
808,2015,Texas,283.7935403,Mathematics,8,5004866,55582029,5830972,56255791,26745844,5.343968050293454
809,2005,Iowa,283.8109288,Mathematics,8,478319,4638125,363930,4599549,2323233,4.857078644168432
810,2007,Oregon,283.8262772,Mathematics,8,559643,5648586,526411,5634955,2999104,5.358959193628795
811,2009,Delaware,283.829473,Mathematics,8,116804,1718993,109682,1798244,877678,7.5141091058525395
812,2015,Kansas,283.8710963,Mathematics,8,496920,5991731,475273,6175724,3051755,6.141340658456089
813,2007,North Carolina,283.8806688,Mathematics,8,1416028,13063307,1184934,12794086,6987589,4.934640416714924
814,2005,New Jersey,283.9026042,Mathematics,8,1368959,23026334,937945,23023365,11575456,8.45566302570055
815,2003,Wisconsin,283.9158657,Mathematics,8,875390,8931497,530014,9128279,4844788,5.534433795222701
816,2003,Iowa,283.9533447,Mathematics,8,482210,4374803,304688,4517990,2157225,4.473621451234939
817,2015,Connecticut,283.9566773,Mathematics,8,505366,11099837,444073,10542667,6006275,11.88500017808875
818,2005,Nebraska,283.962991,Mathematics,8,284553,2895640,295968,2708776,1487488,5.2274549908101475
819,1996,Iowa,283.9863686,Mathematics,8,502343,3258040,147878,3284185,1679091,3.342518956171381
820,2005,Kansas,284.0300535,Mathematics,8,468481,4223632,356865,4076597,2174402,4.641387804414693
821,1996,Minnesota,284.0489446,Mathematics,8,827418,6101416,241241,6423285,3204906,3.8733820148945273
822,1996,Maine,284.0598574,Mathematics,8,213601,1485138,78626,1465093,857253,4.013337952537675
823,2009,Utah,284.0682519,Mathematics,8,532433,4238943,535223,4419750,2169434,4.074567128634025
824,2013,Rhode Island,284.0922122,Mathematics,8,136401,2282659,193393,2231413,1265936,9.28098767604343
825,2009,Iowa,284.1701786,Mathematics,8,487559,5732319,431142,5732186,2914176,5.977073543919813
826,2003,Kansas,284.1910881,Mathematics,8,470264,4068800,311152,3818740,2068389,4.398357093037102
827,1996,North Dakota,284.222268,Mathematics,8,119102,655971,69370,657809,338326,2.840640795284714
828,2009,Nebraska,284.2590935,Mathematics,8,292161,3522481,297732,3523803,1887427,6.460229120245344
829,2013,Utah,284.3314862,Mathematics,8,562315,4300793,409774,4584624,2361179,4.199032570712145
830,2009,North Carolina,284.3326353,Mathematics,8,1452064,15410564,1377661,14868070,7943541,5.470517139740397
831,2005,Virginia,284.3716282,Mathematics,8,1203697,12182657,826830,12385157,6565022,5.4540486517786455
832,2005,Wisconsin,284.5415566,Mathematics,8,869301,9584108,565072,9433502,5128207,5.899230531196904
833,2015,South Dakota,284.6414057,Mathematics,8,132836,1415149,206853,1464781,709363,5.340141226775874
834,2007,Ohio,284.8516395,Mathematics,8,1758645,22142424,1461326,21336580,10202242,5.8011946697599575
835,2007,Washington,284.8628043,Mathematics,8,1026121,10350748,801339,10682397,5148806,5.017737674211911
836,2015,Maine,284.875477,Mathematics,8,176176,2739589,183883,2596180,1406898,7.985752883480156
837,2003,South Dakota,284.8817364,Mathematics,8,127632,965778,148498,993823,499480,3.9134386360787263
838,2013,Illinois,284.8976472,Mathematics,8,2069823,30057886,2311235,29517831,15285224,7.384797637285893
839,2011,Iowa,284.9208361,Mathematics,8,493493,6098470,596688,6057294,2995991,6.070989862064913
840,2011,Indiana,285.0029161,Mathematics,8,1023220,12125155,1024389,11113533,5609296,5.482003870135455
841,2007,Indiana,285.0072109,Mathematics,8,1034588,10458932,765168,11462062,5511104,5.326858614250311
842,2009,Oregon,285.0368144,Mathematics,8,560726,6158756,656298,6715011,3291310,5.869729600553568
843,2005,Washington,285.0522297,Mathematics,8,1019925,9141383,796450,9399603,4629347,4.538909233522073
844,2013,Nebraska,285.0613485,Mathematics,8,303242,3870164,366241,3913038,2318463,7.645586693136175
845,2015,Ohio,285.0619551,Mathematics,8,1600222,24378660,1676820,22561728,11620080,7.261542460983539
846,2013,Iowa,285.0701378,Mathematics,8,499489,6281345,459132,6318241,3174989,6.35647431675172
847,2007,Iowa,285.2269031,Mathematics,8,483122,5194536,390585,5198975,2557629,5.293960945682457
848,2013,Connecticut,285.2439723,Mathematics,8,517812,10319361,434543,9758850,5562212,10.741759557522807
849,2005,New Hampshire,285.253357,Mathematics,8,202223,2332695,125956,2333264,1261140,6.2363826073196424
850,2015,Colorado,285.5391887,Mathematics,8,872320,9648297,715254,9557682,4578938,5.249149394717535
851,2009,Ohio,285.5830138,Mathematics,8,1729072,22779344,1531263,22427481,10734314,6.208135924935457
852,2007,Wisconsin,285.6179425,Mathematics,8,870584,10154985,574090,9988878,5459295,6.270842331124854
853,2013,North Carolina,285.6453884,Mathematics,8,1468228,12729402,1579889,13650536,7681386,5.231739212165958
854,2003,Vermont,285.6455722,Mathematics,8,94901,1451171,79956,1440961,662999,6.98621721583545
855,2007,Maryland,285.7342652,Mathematics,8,851640,11674965,661677,11541225,6031042,7.081680052604387
856,2009,Missouri,285.8080019,Mathematics,8,893807,9472520,758650,10227305,5175127,5.789982624884343
857,2007,Texas,285.8707084,Mathematics,8,4513835,44355326,4423644,45920825,21061312,4.66594636268273
858,2003,Montana,285.9280226,Mathematics,8,149801,1205602,171819,1214879,687104,4.586778459422835
859,2009,Virginia,286.069755,Mathematics,8,1235064,15251481,914507,15510318,8194237,6.634665895856409
860,2011,Pennsylvania,286.1027417,Mathematics,8,1670854,28492510,3371827,28810721,13761915,8.236455728627396
861,2009,Wyoming,286.104034,Mathematics,8,86971,1675761,108333,1658156,744877,8.56465948419588
862,2015,Utah,286.1169112,Mathematics,8,573913,4705084,400213,4537962,2367650,4.125451070109929
863,2007,Pennsylvania,286.1668633,Mathematics,8,1760451,25334577,1821479,25627083,11994620,6.813379071612899
864,2007,Colorado,286.1927562,Mathematics,8,790211,7689014,529854,8039146,3782300,4.786443114560542
865,2003,New Hampshire,286.1984687,Mathematics,8,203702,2028602,101294,2122604,1119824,5.497363796133568
866,2011,North Carolina,286.2670282,Mathematics,8,1448117,14409515,2046954,13767024,7566249,5.224887906156754
867,2009,Maine,286.3614259,Mathematics,8,187372,2623127,245063,2624504,1383650,7.384507824007856
868,2013,Idaho,286.4138816,Mathematics,8,272070,2015534,237912,1967676,1113400,4.092329179990443
869,2015,Iowa,286.41622,Mathematics,8,505311,6714410,458457,6772654,3383909,6.696685803396324
870,2005,Montana,286.4320012,Mathematics,8,146552,1293070,191687,1268328,721019,4.919885091981003
871,2007,Maine,286.4722531,Mathematics,8,193539,2538161,198101,2501127,1459635,7.54181327794398
872,2015,Nebraska,286.4985635,Mathematics,8,312281,4248695,344382,4283846,2446701,7.834933921692322
873,2015,Washington,286.5131076,Mathematics,8,1072359,13709442,1036422,13630138,6508964,6.069762085271817
874,2003,Massachusetts,286.5206945,Mathematics,8,967200,11591832,712487,11382398,6521028,6.7421712158808935
875,2000,Montana,286.584607,Mathematics,8,157381,1104935,130928,1051768,613132,3.8958451147215993
876,2013,Maryland,286.6413811,Mathematics,8,859252,13814727,828432,13284637,7303090,8.499357580779561
877,2015,Wyoming,286.6665471,Mathematics,8,93867,1962874,120290,1942406,895910,9.544461844950835
878,2011,Idaho,286.6750633,Mathematics,8,265713,2089982,292602,1960818,1104553,4.1569400066989575
879,2009,Texas,286.6850767,Mathematics,8,4647205,48087531,4913841,53575273,23895853,5.1419838375970075
880,2009,Indiana,286.8099779,Mathematics,8,1028259,12999357,1403839,11218398,5548292,5.395811755598541
881,2005,North Dakota,286.9609534,Mathematics,8,100413,969520,148482,985502,501563,4.995000647326542
882,2007,Wyoming,286.9877715,Mathematics,8,85034,1477891,111051,1390344,661713,7.78174612507938
883,2011,Connecticut,286.9999447,Mathematics,8,530132,9783168,796156,9439182,5363942,10.118125297095817
884,2007,Montana,287.075529,Mathematics,8,144258,1474306,190631,1442434,793711,5.5020241511735914
885,2003,North Dakota,287.1446405,Mathematics,8,103785,882913,126023,895278,448720,4.323553500024088
886,2015,Indiana,287.1752011,Mathematics,8,1004215,12456571,929878,11378564,5537406,5.51416379958475
887,2013,South Dakota,287.2703906,Mathematics,8,130296,1316613,194731,1332496,663258,5.090394179406889
888,2005,South Dakota,287.303618,Mathematics,8,124862,1053504,176738,1059303,539413,4.320073360990533
889,2009,Idaho,287.3052151,Mathematics,8,267951,2182273,218777,2078446,1157633,4.32031602793048
890,2005,Vermont,287.3564876,Mathematics,8,92819,1628681,95016,1634534,739981,7.972300929766535
891,2009,Colorado,287.3729075,Mathematics,8,812068,8310673,560538,8682489,4108304,5.059064019269322
892,2015,Montana,287.4640055,Mathematics,8,144447,1804339,214980,1804841,940488,6.510955575401359
893,2007,New Hampshire,287.557061,Mathematics,8,198625,2600123,137058,2608190,1395619,7.026401510383889
894,2007,Virginia,287.625905,Mathematics,8,1220440,14176385,890144,14700853,7630837,6.252529415620596
895,2000,Minnesota,287.6519422,Mathematics,8,839839,7344747,330914,7736391,3825732,4.555315959368403
896,2015,Virginia,287.7092987,Mathematics,8,1279867,15857524,1012205,16113212,8755896,6.841254599110689
897,2013,Indiana,287.7676538,Mathematics,8,1002772,12236713,980013,11211155,5535933,5.5206298141551615
898,2011,Wyoming,287.767926,Mathematics,8,88165,1650621,154955,1656850,825783,9.366335847558554
899,2011,Maryland,287.9978023,Mathematics,8,851971,13443940,1255964,13247697,7205515,8.457465101511671
900,2011,Washington,288.1077619,Mathematics,8,1042979,11905941,1367629,11928408,6007184,5.759640414620045
901,2013,Wyoming,288.1191373,Mathematics,8,91533,1695967,113501,1675477,846872,9.252094872887374
902,2009,Wisconsin,288.1407262,Mathematics,8,867035,10991081,1258519,10880480,5857285,6.7555346669972955
903,2013,Virginia,288.1429595,Mathematics,8,1264880,15322318,1108879,15634918,8445746,6.677112453355259
904,2013,Texas,288.1989676,Mathematics,8,4897523,49734537,5695947,50674724,24226519,4.946688152357835
905,2015,North Dakota,288.2441472,Mathematics,8,106061,1644533,158373,1804762,825445,7.782738235543697
906,2009,Pennsylvania,288.3041689,Mathematics,8,1687145,26755585,1811141,27328680,12803821,7.589045991897555
907,2009,Maryland,288.3415653,Mathematics,8,843781,13147931,694846,12757599,6899346,8.176702248569237
908,2007,South Dakota,288.4639253,Mathematics,8,121158,1136570,174096,1096568,573916,4.736922035688935
909,2007,New Jersey,288.5834514,Mathematics,8,1363804,25293076,991769,25572112,13250745,9.716018577449546
910,2009,Kansas,288.596403,Mathematics,8,470445,5615208,378810,5827751,2883104,6.128461350423535
911,2011,Ohio,288.6025968,Mathematics,8,1655534,23488657,2533882,23010396,11074360,6.6892978338107225
912,2009,Connecticut,288.6085135,Mathematics,8,539250,9681268,403017,9323053,5054397,9.373012517385257
913,2011,Wisconsin,288.6659327,Mathematics,8,864251,11664303,1002909,11440718,6138402,7.102568582506702
914,2009,Washington,288.7223756,Mathematics,8,1035907,12025012,1385421,12240632,5984072,5.776649834396331
915,2013,Maine,288.7311597,Mathematics,8,184682,2650346,196466,2535405,1351259,7.316679481487097
916,2011,Maine,288.7322976,Mathematics,8,186835,2654366,289290,2728535,1431522,7.661958412503011
917,2013,Wisconsin,288.7457808,Mathematics,8,863737,11097447,827432,10845059,5637545,6.526923125905223
918,2015,Wisconsin,289.0777492,Mathematics,8,861813,11637376,814385,11553677,5723474,6.64120174562231
919,2013,Montana,289.228453,Mathematics,8,142797,1671053,210593,1679521,907018,6.351800107845403
920,2011,Virginia,289.2554112,Mathematics,8,1250852,14655345,1427301,14675815,7861076,6.2845772321585605
921,2013,Kansas,289.5182561,Mathematics,8,488590,5667223,420820,5621023,2969201,6.077080988149573
922,2013,Ohio,289.5280968,Mathematics,8,1613718,22536516,1721213,22015797,10800145,6.692709011115944
923,2011,Kansas,289.6192827,Mathematics,8,482692,5538869,612100,5662146,2839803,5.88326096144125
924,2013,Pennsylvania,289.6236516,Mathematics,8,1623694,28484645,2049113,28495118,15456205,9.519161245899781
925,2013,Colorado,289.6818001,Mathematics,8,851063,8826868,696266,8699125,4292898,5.044160068056066
926,2013,Washington,289.9569887,Mathematics,8,1050901,12242231,1042200,12097549,5911337,5.625017960778417
927,2007,Kansas,290.0325998,Mathematics,8,468974,5038100,346441,4823931,2602503,5.549354548439785
928,2005,Minnesota,290.0749958,Mathematics,8,814660,8777363,529037,9082593,4637773,5.692893968035745
929,2011,Texas,290.3467094,Mathematics,8,4800196,51023159,7818075,52691826,25155007,5.240412474823945
930,2015,Vermont,290.3551912,Mathematics,8,85184,1996795,105333,1969415,983532,11.545971074380166
931,2013,North Dakota,290.5151113,Mathematics,8,101025,1405349,145905,1516575,718970,7.116753278891363
932,2011,South Dakota,290.6151968,Mathematics,8,125613,1297661,262395,1350617,661519,5.266325937602
933,2009,South Dakota,290.6191277,Mathematics,8,126624,1258876,201889,1273527,645912,5.1010235026535256
934,2003,Minnesota,290.680056,Mathematics,8,825674,8484497,463746,8938770,4318736,5.230558307516041
935,2007,Vermont,291.0107738,Mathematics,8,89329,1836316,97086,1804519,800453,8.96072943836828
936,2005,Massachusetts,291.5135411,Mathematics,8,955225,12976279,761359,12726283,7203922,7.541597005941009
937,2009,Montana,291.5429429,Mathematics,8,141782,1607935,195705,1622485,855803,6.036048299502053
938,2007,North Dakota,291.5616119,Mathematics,8,96577,1045678,150165,1042175,523778,5.423423796556116
939,2011,Colorado,291.7426729,Mathematics,8,834832,8747471,969288,8676451,4204486,5.0363258715526
940,2007,Minnesota,291.8511165,Mathematics,8,810104,9693509,546297,10030105,5048143,6.231475217996701
941,2011,North Dakota,291.9984045,Mathematics,8,96255,1309044,186844,1312226,660944,6.866593943171783
942,2011,New Hampshire,292.1087397,Mathematics,8,189275,2947007,184768,3001244,1654129,8.739289393739268
943,2009,New Hampshire,292.3218172,Mathematics,8,197024,2816162,146867,2757401,1546316,7.848363651128796
944,2009,New Jersey,292.6572271,Mathematics,8,1354912,26510413,1014556,26145334,13800343,10.185416469851917
945,2009,North Dakota,292.8424885,Mathematics,8,94653,1150142,160294,1137260,579830,6.125849154279315
946,2009,Vermont,292.8660964,Mathematics,8,86320,1683034,102453,1661019,859433,9.956360055607044
947,2011,Montana,292.9078043,Mathematics,8,141529,1631810,264517,1655584,902615,6.377597524182323
948,2015,New Jersey,293.3659382,Mathematics,8,1339230,29335237,1154004,28809725,15339450,11.453932483591318
949,2011,Vermont,293.8825771,Mathematics,8,86982,1686499,106823,1722515,888388,10.21346945345014
950,2011,New Jersey,294.1387714,Mathematics,8,1399409,26242376,1283994,25716298,14113108,10.085048759869345
951,2015,Minnesota,294.147778,Mathematics,8,807044,11684249,629909,11969872,6257807,7.753984912842422
952,2015,New Hampshire,294.4130187,Mathematics,8,183039,3093061,164905,3044720,1697165,9.272149651167238
953,2009,Minnesota,294.4433201,Mathematics,8,800831,10353784,575703,11193640,5815987,7.262439890563677
954,2013,Minnesota,294.5929726,Mathematics,8,802454,10848720,646542,10942019,5826404,7.26073270243528
955,2011,Minnesota,294.9464228,Mathematics,8,798891,10912368,842906,10612480,5644771,7.065758657939568
956,2013,Vermont,295.4695624,Mathematics,8,89200,1817307,114697,1809138,935593,10.488710762331838
957,2013,New Hampshire,295.6651233,Mathematics,8,187703,2976317,163890,2878534,1642945,8.752896863662276
958,2013,New Jersey,296.0533511,Mathematics,8,1338657,28070096,1145079,28179900,15489942,11.57125537012095
959,2015,Massachusetts,296.9085714,Mathematics,8,916130,16985185,778939,16972319,9774884,10.669756475609356
960,2007,Massachusetts,297.9233445,Mathematics,8,945070,14407777,754202,14315518,8053653,8.521752886029606
961,2011,Massachusetts,298.5124311,Mathematics,8,924903,15396681,1197383,15150898,8685894,9.391140476352655
962,2009,Massachusetts,298.8543466,Mathematics,8,932437,15298022,1181681,15174814,8885949,9.529811665560247
963,2013,Massachusetts,300.568235,Mathematics,8,920968,16114783,818054,16201905,9097982,9.878716741515449
990,2000,Wisconsin,278.0983,Mathematics,8,877165,7848352,354829,8183251,4225688,4.817437996272081
991,1996,Nevada,278.0983,Mathematics,8,265041,1551169,67278,1608989,767237,2.8947860896993296
992,1996,New Hampshire,278.0983,Mathematics,8,191004,1269380,40622,1295106,725549,3.7986063119096984
993,1996,New Jersey,278.0983,Mathematics,8,1193928,12389781,408872,12469216,6636622,5.558645077425104
994,2000,Alaska,278.0983,Mathematics,8,132822,1313510,199520,1386904,717725,5.403660538163859
995,2000,Colorado,278.0983,Mathematics,8,707436,5073266,266207,5444193,2539372,3.589543082342431
996,2000,Delaware,278.0983,Mathematics,8,112743,1098555,69540,1040480,571982,5.0733260601545105
997,2000,Florida,278.0983,Mathematics,8,2377271,17558787,1398757,17180954,7751117,3.2605104760879176
998,2000,Iowa,278.0983,Mathematics,8,497301,3822452,217060,3974813,1906755,3.8342070496540326
999,2000,New Hampshire,278.0983,Mathematics,8,203178,1586869,54657,1640395,902062,4.43976217897607
1000,2000,New Jersey,278.0983,Mathematics,8,1279542,15651060,578978,15907248,8244717,6.443490717772453
1001,2000,Pennsylvania,278.0983,Mathematics,8,1782444,17090654,1022578,17861852,8818088,4.947189364714965
1002,2000,South Dakota,278.0983,Mathematics,8,130279,868161,105960,898609,443779,3.4063740126958297
1003,2000,Washington,278.0983,Mathematics,8,1003714,7620930,543966,7811937,3818756,3.8046256204456648
1004,1996,Idaho,278.0983,Mathematics,8,243097,1134052,80486,1198223,642377,2.6424719350711854
1005,1996,Illinois,278.0983,Mathematics,8,1924970,12732129,728400,12423100,6303563,3.274629215000753
1006,1996,Kansas,278.0983,Mathematics,8,463008,2914544,140242,3007653,1468081,3.1707465097795287
1007,1996,Ohio,278.0983,Mathematics,8,1837628,12172778,704629,11935582,6291682,3.4238061239815676
1008,1996,Oklahoma,278.0983,Mathematics,8,616436,3185234,278281,3195426,1640558,2.661359816753077
1009,1996,Pennsylvania,278.0983,Mathematics,8,1764117,14671368,760182,15048791,7960931,4.5127001213638325
1010,1996,South Dakota,278.0983,Mathematics,8,136394,710728,67493,689818,383377,2.8108054606507618
1011,1992,Alaska,278.0983,Mathematics,8,0,1049591,106780,972488,498362,5.713752923891132
1012,1992,Illinois,278.0983,Mathematics,8,0,9748650,597077,9850560,5010400,5.713752923891132
1013,1992,Kansas,278.0983,Mathematics,8,0,2245348,121625,2234915,1165749,5.713752923891132
1014,1992,Montana,278.0983,Mathematics,8,0,828983,69947,781009,412219,5.713752923891132
1015,1992,Nevada,278.0983,Mathematics,8,0,1097076,45018,1251651,572623,5.713752923891132
1016,1992,Oregon,278.0983,Mathematics,8,0,2773959,163544,2898210,1556770,5.713752923891132
1017,1992,South Dakota,278.0983,Mathematics,8,0,551668,60671,593126,320561,5.713752923891132
1018,1992,Vermont,278.0983,Mathematics,8,0,812377,31757,800377,386699,5.713752923891132
1019,1992,Washington,278.0983,Mathematics,8,0,4870832,263053,5360834,2587181,5.713752923891132
